{"cameraMode":{"drawMode":0,"name":"Shaded","section":"Shading Mode"},"sceneLighting":true,"audioPlay":false,"sceneViewState":{"m_AlwaysRefresh":false,"showFog":true,"showSkybox":true,"showFlares":true,"showImageEffects":true,"showParticleSystems":true,"showVisualEffectGraphs":true,"m_FxEnabled":true},"in2DMode":false,"pivot":{"x":387.59722900390627,"y":338.1532897949219,"z":0.28127145767211916},"rotation":{"x":0.11172694712877274,"y":-0.06345780938863754,"z":-0.007149631157517433,"w":-0.9916866421699524},"size":391.34808349609377,"orthographic":false}